[
{"title": "[新聞] 受傷賽季報銷 女友秒分 太悲慘了吧！", "vote": "15", "author": "Yui5"},
{"title": "[公告] 板規v6.2", "vote": null, "author": "abc7360393"},
{"title": "[情報] 2018-19 自由球員市場異動 (表格-9/13)", "vote": "爆", "author": "laigei"},
{"title": "[情報] 2018-19 自由球員市場異動 (每日文字)", "vote": "33", "author": "laigei"},
{"title": "[情報] PRE SEASON Schedule 18-19", "vote": "20", "author": "JerroLi"},
{"title": "[公告] NBA 板 開始舉辦樂透!", "vote": "9", "author": "ericf129"}
]