[
  {
    "author": "minglong1985",
    "href": "/bbs/Food/M.1535303930.A.A8B.html",
    "push_count": 0,
    "title": "[食記] 台中 Coffee Smith.爆多蛤蠣義大利麵"
  },
  {
    "author": "reesion",
    "href": "/bbs/Food/M.1535310947.A.A28.html",
    "push_count": 0,
    "title": "[食記] 台南 安南區 阿童米糕"
  },
  {
    "author": "lovecala",
    "href": "/bbs/Food/M.1535330603.A.B98.html",
    "push_count": 0,
    "title": "[食記] 花蓮 莉歐Leo 早午餐義大利麵燉飯漂亮餐"
  },
  {
    "author": "leafphoto",
    "href": "/bbs/Food/M.1535332106.A.7D1.html",
    "push_count": 0,
    "title": "[食記] 台北 双妹嘜養生甜品"
  },
  {
    "author": "andrewccc",
    "href": "/bbs/Food/M.1535332503.A.C5D.html",
    "push_count": 0,
    "title": "[食記] 韓國大邱 T-morning"
  },
  {
    "author": "Skylar",
    "href": "/bbs/Food/M.1535338965.A.AF7.html",
    "push_count": 0,
    "title": "[食記] 台北 小吃 福德涼麵 有個性的老闆"
  },
  {
    "author": "larle",
    "href": "/bbs/Food/M.1535339401.A.17F.html",
    "push_count": 0,
    "title": "[食記] 桃園中壢區。Ai貓文具控"
  }
]