名稱,網址,圖片
Tuna Lovers Special,https://munchery.imgix.net/menu-items/9841/20150227-30-edit-edit.jpg?dpr=2.0&q=70&sharp=3&vib=10&gam=-10&w=344&h=344&fit=crop&rect=775%2C0%2C2000%2C2000&s=6828045f1a887f53000bde8bff7441f3,https://munchery.com/dishes/tuna-lovers-special-1/
Pan-Seared Salmon Rice Bowl,https://munchery.imgix.net/menu-items/11961/20151008-78-edit.jpg?dpr=2.0&q=70&sharp=3&vib=10&gam=-10&w=344&h=344&fit=crop&rect=535%2C150%2C1830%2C1830&s=47141d9b3f96a1bd0d8675a947b35ee2,https://munchery.com/dishes/pan-seared-salmon-rice-bowl/
Korean BBQ Steak & Quinoa Bowl,https://munchery.imgix.net/menu-items/18264/lunch-06-11-edit-jpg.?dpr=2.0&q=70&sharp=3&vib=10&gam=-10&w=344&h=344&fit=crop&rect=520%2C25%2C1925%2C1925&s=abac107e00872a7ec358b55d7004da6a,https://munchery.com/dishes/korean-bbq-steak-and-quinoa-bowl/
Chicken & Quinoa Taco Salad,https://munchery.imgix.net/menu-items/18341/lunch-16-17-edit-jpg.?dpr=2.0&q=70&sharp=3&vib=10&gam=-10&w=344&h=344&fit=crop&rect=500%2C0%2C1965%2C1965&s=8a72d0c2c6724c2a08fe2537eb066e8d,https://munchery.com/dishes/chicken-and-quinoa-taco-salad/
"Duck, Kale & Squash Bowl",https://munchery.imgix.net/menu-items/18347/lunch-21-07-edit-jpg.?dpr=2.0&q=70&sharp=3&vib=10&gam=-10&w=344&h=344&fit=crop&rect=615%2C0%2C1890%2C1890&s=45fd29321f719eb8d3d79581ec7413b0,https://munchery.com/dishes/duck-kale-and-squash-bowl/
Chicken & Super Greens Salad,https://munchery.imgix.net/menu-items/18351/lunch-26-15-edit-jpg.?dpr=2.0&q=70&sharp=3&vib=10&gam=-10&w=344&h=344&fit=crop&rect=520%2C0%2C1920%2C1920&s=0af9bc31bf0998214ab9c5da8b072536,https://munchery.com/dishes/chicken-and-super-greens-salad/
Ahi Tuna Cobb Salad,https://munchery.imgix.net/menu-items/18487/lunch-30-10-edit-jpg.?dpr=2.0&q=70&sharp=3&vib=10&gam=-10&w=344&h=344&fit=crop&rect=515%2C0%2C1975%2C1975&s=f61c6528e75836222172659a4133a5df,https://munchery.com/dishes/ahi-tuna-cobb-salad/
"Farro, Black Rice & Kale Salad",https://munchery.imgix.net/menu-items/18492/lunch-35-10-edit-2-jpg.?dpr=2.0&q=70&sharp=3&vib=10&gam=-10&w=344&h=344&fit=crop&rect=565%2C0%2C1935%2C1935&s=f86015abcb582d23e1af1d4058706e5f,https://munchery.com/dishes/farro-black-rice-and-kale-salad/
