{"kind": "books#volumes", "totalItems": 326, "items": [{"kind": "books#volume", "id": "aJQILlLxRmAC", "etag": "jzJ/OLMux6s", "selfLink": "https://www.googleapis.com/books/v1/volumes/aJQILlLxRmAC", "volumeInfo": {"title": "Python Programming", "subtitle": "An Introduction to Computer Science", "authors": ["John M. Zelle"], "publisher": "Franklin, Beedle & Associates, Inc.", "publishedDate": "2004", "description": "This book is suitable for use in a university-level first course in computing (CS1), as well as the increasingly popular course known as CS0. It is difficult for many students to master basic concepts in computer science and programming. A large portion of the confusion can be blamed on the complexity of the tools and materials that are traditionally used to teach CS1 and CS2. This textbook was written with a single overarching goal: to present the core concepts of computer science as simply as possible without being simplistic.", "readingModes": {"text": false, "image": true}, "maturityRating": "NOT_MATURE", "allowAnonLogging": false, "contentVersion": "preview-1.0.0", "imageLinks": {"smallThumbnail": "http://books.google.com/books/content?id=aJQILlLxRmAC&printsec=frontcover&img=1&zoom=5&edge=curl&source=gbs_api", "thumbnail": "http://books.google.com/books/content?id=aJQILlLxRmAC&printsec=frontcover&img=1&zoom=1&edge=curl&source=gbs_api"}, "previewLink": "http://books.google.com.tw/books?id=aJQILlLxRmAC&printsec=frontcover&dq=Python&hl=&cd=1&source=gbs_api", "infoLink": "http://books.google.com.tw/books?id=aJQILlLxRmAC&dq=Python&hl=&source=gbs_api", "canonicalVolumeLink": "https://books.google.com/books/about/Python_Programming.html?hl=&id=aJQILlLxRmAC"}, "saleInfo": {"country": "TW"}, "accessInfo": {"country": "TW", "epub": {"isAvailable": false}, "pdf": {"isAvailable": false}, "accessViewStatus": "SAMPLE"}, "searchInfo": {"textSnippet": "This book is suitable for use in a university-level first course in computing (CS1), as well as the increasingly popular course known as CS0."}}, {"kind": "books#volume", "id": "GOVOCwAAQBAJ", "etag": "4fVO2hNQiWg", "selfLink": "https://www.googleapis.com/books/v1/volumes/GOVOCwAAQBAJ", "volumeInfo": {"title": "Python Machine Learning", "authors": ["Sebastian Raschka"], "publisher": "Packt Publishing Ltd", "publishedDate": "2015-09-23", "description": "Unlock deeper insights into Machine Leaning with this vital guide to cutting-edge predictive analytics About This Book Leverage Python's most powerful open-source libraries for deep learning, data wrangling, and data visualization Learn effective strategies and best practices to improve and optimize machine learning systems and algorithms Ask \u2013 and answer \u2013 tough questions of your data with robust statistical models, built for a range of datasets Who This Book Is For If you want to find out how to use Python to start answering critical questions of your data, pick up Python Machine Learning \u2013 whether you want to get started from scratch or want to extend your data science knowledge, this is an essential and unmissable resource. What You Will Learn Explore how to use different machine learning models to ask different questions of your data Learn how to build neural networks using Keras and Theano Find out how to write clean and elegant Python code that will optimize the strength of your algorithms Discover how to embed your machine learning model in a web application for increased accessibility Predict continuous target outcomes using regression analysis Uncover hidden patterns and structures in data with clustering Organize data using effective pre-processing techniques Get to grips with sentiment analysis to delve deeper into textual and social media data In Detail Machine learning and predictive analytics are transforming the way businesses and other organizations operate. Being able to understand trends and patterns in complex data is critical to success, becoming one of the key strategies for unlocking growth in a challenging contemporary marketplace. Python can help you deliver key insights into your data \u2013 its unique capabilities as a language let you build sophisticated algorithms and statistical models that can reveal new perspectives and answer key questions that are vital for success. Python Machine Learning gives you access to the world of predictive analytics and demonstrates why Python is one of the world's leading data science languages. If you want to ask better questions of data, or need to improve and extend the capabilities of your machine learning systems, this practical data science book is invaluable. Covering a wide range of powerful Python libraries, including scikit-learn, Theano, and Keras, and featuring guidance and tips on everything from sentiment analysis to neural networks, you'll soon be able to answer some of the most important questions facing you and your organization. Style and approach Python Machine Learning connects the fundamental theoretical principles behind machine learning to their practical application in a way that focuses you on asking and answering the right questions. It walks you through the key elements of Python and its powerful machine learning libraries, while demonstrating how to get to grips with a range of statistical models.", "readingModes": {"text": true, "image": true}, "maturityRating": "NOT_MATURE", "allowAnonLogging": true, "contentVersion": "2.5.5.0.preview.3", "panelizationSummary": {"containsEpubBubbles": false, "containsImageBubbles": false}, "imageLinks": {"smallThumbnail": "http://books.google.com/books/content?id=GOVOCwAAQBAJ&printsec=frontcover&img=1&zoom=5&edge=curl&source=gbs_api", "thumbnail": "http://books.google.com/books/content?id=GOVOCwAAQBAJ&printsec=frontcover&img=1&zoom=1&edge=curl&source=gbs_api"}, "previewLink": "http://books.google.com.tw/books?id=GOVOCwAAQBAJ&printsec=frontcover&dq=Python&hl=&cd=2&source=gbs_api", "infoLink": "https://play.google.com/store/books/details?id=GOVOCwAAQBAJ&source=gbs_api", "canonicalVolumeLink": "https://market.android.com/details?id=book-GOVOCwAAQBAJ"}, "saleInfo": {"country": "TW", "listPrice": {"amount": 1139.0, "currencyCode": "TWD"}, "retailPrice": {"amount": 797.0, "currencyCode": "TWD"}, "buyLink": "https://play.google.com/store/books/details?id=GOVOCwAAQBAJ&rdid=book-GOVOCwAAQBAJ&rdot=1&source=gbs_api", "offers": [{"finskyOfferType": 1, "listPrice": {"amountInMicros": 1139000000.0, "currencyCode": "TWD"}, "retailPrice": {"amountInMicros": 797000000.0, "currencyCode": "TWD"}}]}, "accessInfo": {"country": "TW", "epub": {"isAvailable": true}, "pdf": {"isAvailable": true}, "accessViewStatus": "SAMPLE"}, "searchInfo": {"textSnippet": "Unlock deeper insights into Machine Leaning with this vital guide to cutting-edge predictive analytics About This Book Leverage Python&#39;s most powerful open-source libraries for deep learning, data wrangling, and data visualization Learn ..."}}, {"kind": "books#volume", "id": "7xldDwAAQBAJ", "etag": "pwzlzXBKqjQ", "selfLink": "https://www.googleapis.com/books/v1/volumes/7xldDwAAQBAJ", "volumeInfo": {"title": "Easy-To-Follow Tutorial To Learn Python Programming In Less Than One Week", "authors": ["R.M. Lewis"], "publisher": "R&C Publishing via PublishDrive", "publishedDate": "2018-05-17", "description": "You Can Become A Skilled Python Programmer In Less Than One Week! The Python programming language has long been seen as one of the best ones to use. It has a big library to use, is easy to read, and has all the great features that you are going to need when first learning how to work with coding. It is all there ready for you to use, and you just need to take the first steps! This guidebook is going to help you to take these first steps by showing you exactly how to get started with the Python programming language. Whether you have worked in coding before or you are just looking to get started, this guidebook has all the topics and steps that you need to get your first code written in no time. Inside this guidebook you will learn: - Why should I learn about Python? - The basic parts of the Python code - Working with classes and objects - Working on inheritances - Exception handling - Working with decision control structures - The importance of loops - What file input and output means in this language - The different operators available to make the code stronger - Some practice writing out codes to make fun games all on your own inside Python. Working on the Python language can be one of the most rewarding experiences. There is a lot of power that can be behind these programs but it is simple enough for even a beginner to be able to use all on their own. When you are ready to get started on working with Python and some of your own codes, make sure to check out this guidebook and see just how great it can be to do all of this with Python!", "readingModes": {"text": true, "image": true}, "maturityRating": "NOT_MATURE", "allowAnonLogging": true, "contentVersion": "preview-1.0.0", "panelizationSummary": {"containsEpubBubbles": false, "containsImageBubbles": false}, "imageLinks": {"smallThumbnail": "http://books.google.com/books/content?id=7xldDwAAQBAJ&printsec=frontcover&img=1&zoom=5&edge=curl&source=gbs_api", "thumbnail": "http://books.google.com/books/content?id=7xldDwAAQBAJ&printsec=frontcover&img=1&zoom=1&edge=curl&source=gbs_api"}, "previewLink": "http://books.google.com.tw/books?id=7xldDwAAQBAJ&pg=PP1&dq=Python&hl=&cd=3&source=gbs_api", "infoLink": "https://play.google.com/store/books/details?id=7xldDwAAQBAJ&source=gbs_api", "canonicalVolumeLink": "https://market.android.com/details?id=book-7xldDwAAQBAJ"}, "saleInfo": {"country": "TW", "listPrice": {"amount": 115.0, "currencyCode": "TWD"}, "retailPrice": {"amount": 95.0, "currencyCode": "TWD"}, "buyLink": "https://play.google.com/store/books/details?id=7xldDwAAQBAJ&rdid=book-7xldDwAAQBAJ&rdot=1&source=gbs_api", "offers": [{"finskyOfferType": 1, "listPrice": {"amountInMicros": 115000000.0, "currencyCode": "TWD"}, "retailPrice": {"amountInMicros": 95000000.0, "currencyCode": "TWD"}}]}, "accessInfo": {"country": "TW", "epub": {"isAvailable": true, "acsTokenLink": "http://books.google.com.tw/books/download/Easy_To_Follow_Tutorial_To_Learn_Python-sample-epub.acsm?id=7xldDwAAQBAJ&format=epub&output=acs4_fulfillment_token&dl_type=sample&source=gbs_api"}, "pdf": {"isAvailable": true, "acsTokenLink": "http://books.google.com.tw/books/download/Easy_To_Follow_Tutorial_To_Learn_Python-sample-pdf.acsm?id=7xldDwAAQBAJ&format=pdf&output=acs4_fulfillment_token&dl_type=sample&source=gbs_api"}, "accessViewStatus": "SAMPLE"}, "searchInfo": {"textSnippet": "You Can Become A Skilled Python Programmer In Less Than One Week!"}}, {"kind": "books#volume", "id": "rclSDwAAQBAJ", "etag": "eGbFCZf8xd8", "selfLink": "https://www.googleapis.com/books/v1/volumes/rclSDwAAQBAJ", "volumeInfo": {"title": "Python for Beginners", "subtitle": "An Introduction to Learn Python Programming with Tutorials and Hands-On Examples", "authors": ["Nathan Metzler"], "publisher": "CRB Publishing", "publishedDate": "2018-03-10", "description": "Master the Python Environment and Become a Skilled Coder! When you open up Beginner\u2019s Guide to Python, you\u2019ll enter a new world of creative and lucrative possibilities. From executing Python scripts on various operating systems to learning identifiers and keywords, you\u2019ll be up-and-running in no time. Now is the time \u2013 get ready for the ride of a lifetime as you discover the inner workings of a language on which much of the world\u2019s newest devices depend. With this book, you can learn what you need to know to get started with this popular and powerful coding platform: Installing the necessary software Setting up your programming environment Learning the basic syntax of Python Understanding variables, operators, and control structures Absorbing the basics of Python functions This comprehensive and easy-to-read introduction to Python programming includes a wealth of programming tutorials for writing your first lines of code. You\u2019ll learn how to analyze and process raw data inputs and present useful information to users. With this guide, you can learn to calculate factorials, reverse numbers, and determine whether numbers are palindromes and even/odd. You\u2019ll even discover simple and straightforward methods for creating menu-driven programs with user-defined functions! Don\u2019t pass up this opportunity to make a great salary as a programmer and leave your mark on the world. Get your copy of Beginner\u2019s Guide to Python and take your first steps toward a bright future! It\u2019s quick and easy to order. Simply scroll up and click the BUY NOW WITH ONE CLICK button on the right-hand side of your screen.", "readingModes": {"text": true, "image": true}, "maturityRating": "NOT_MATURE", "allowAnonLogging": true, "contentVersion": "preview-1.0.0", "imageLinks": {"smallThumbnail": "http://books.google.com/books/content?id=rclSDwAAQBAJ&printsec=frontcover&img=1&zoom=5&edge=curl&source=gbs_api", "thumbnail": "http://books.google.com/books/content?id=rclSDwAAQBAJ&printsec=frontcover&img=1&zoom=1&edge=curl&source=gbs_api"}, "previewLink": "http://books.google.com.tw/books?id=rclSDwAAQBAJ&printsec=frontcover&dq=Python&hl=&cd=4&source=gbs_api", "infoLink": "https://play.google.com/store/books/details?id=rclSDwAAQBAJ&source=gbs_api", "canonicalVolumeLink": "https://market.android.com/details?id=book-rclSDwAAQBAJ"}, "saleInfo": {"country": "TW", "listPrice": {"amount": 131.0, "currencyCode": "TWD"}, "retailPrice": {"amount": 109.0, "currencyCode": "TWD"}, "buyLink": "https://play.google.com/store/books/details?id=rclSDwAAQBAJ&rdid=book-rclSDwAAQBAJ&rdot=1&source=gbs_api", "offers": [{"finskyOfferType": 1, "listPrice": {"amountInMicros": 131000000.0, "currencyCode": "TWD"}, "retailPrice": {"amountInMicros": 109000000.0, "currencyCode": "TWD"}}]}, "accessInfo": {"country": "TW", "epub": {"isAvailable": true}, "pdf": {"isAvailable": true}, "accessViewStatus": "SAMPLE"}, "searchInfo": {"textSnippet": "With this book, you can learn what you need to know to get started with this popular and powerful coding platform: Installing the necessary software Setting up your programming environment Learning the basic syntax of Python Understanding ..."}}, {"kind": "books#volume", "id": "LATkCgAAQBAJ", "etag": "H9nYaTaSTTQ", "selfLink": "https://www.googleapis.com/books/v1/volumes/LATkCgAAQBAJ", "volumeInfo": {"title": "Python \u7684\u4e00\u5802\u8ab2 V2.00", "subtitle": "", "authors": ["Kaiching Chang"], "publisher": "Kaiching Chang", "publishedDate": "2015-11-10", "description": "\u9019\u672c\u66f8\u662f Python \u7a0b\u5f0f\u8a9e\u8a00\u7684\u5c0e\u89bd\uff0c\u5167\u5bb9\u5305\u62ec \u958b\u59cb\u4e4b\u524d \u6e96\u5099 Python \u7684\u958b\u767c\u74b0\u5883 \u7e2e\u6392 \u6700\u5c0f\u7684\u7a0b\u5f0f \u95dc\u9375\u5b57 \u8cc7\u6599\u578b\u614b \u5176\u4ed6\u5167\u5efa\u578b\u614b \u8b8a\u6578\u547d\u540d \u8a3b\u89e3\u8207\u6587\u4ef6\u5b57\u4e32 \u904b\u7b97\u5b50\u8207\u904b\u7b97\u5f0f \u9673\u8ff0 \u8ff4\u5708 \u8ff4\u5708\u6280\u5de7 \u51fd\u6578 \u6a21\u7d44 \u5957\u4ef6 \u985e\u5225 \u7269\u4ef6\u5c0e\u5411 \u4f8b\u5916\u8655\u7406 \u7c21\u5316\u4f8b\u5916\u8655\u7406 \u65b7\u8a00 \u7522\u751f\u5668 \u8b8a\u6578\u7bc4\u570d \u7121\u540d\u51fd\u6578 \u522a\u9664\u7269\u4ef6 \u57fa\u672c\u8f38\u5165\u53ca\u8f38\u51fa \u6a19\u6e96\u6a21\u7d44\u5eab \u7b2c\u4e09\u65b9\u6a21\u7d44\u5eab \u6bcf\u500b\u90e8\u5206\u90fd\u662f\u7c21\u8981\u4ecb\u7d39\uff0c\u6b64\u66f8\u65bc 2017/02/25 \u66f4\u65b0\u70ba V2.00 \uff0c\u5167\u5bb9\u5f9e V1.00 \u7684 24 \u9801\u589e\u52a0\u81f3 42 \u9801\u3002", "readingModes": {"text": true, "image": false}, "maturityRating": "NOT_MATURE", "allowAnonLogging": true, "contentVersion": "1.5.6.0.preview.2", "panelizationSummary": {"containsEpubBubbles": false, "containsImageBubbles": false}, "imageLinks": {"smallThumbnail": "http://books.google.com/books/content?id=LATkCgAAQBAJ&printsec=frontcover&img=1&zoom=5&edge=curl&source=gbs_api", "thumbnail": "http://books.google.com/books/content?id=LATkCgAAQBAJ&printsec=frontcover&img=1&zoom=1&edge=curl&source=gbs_api"}, "previewLink": "http://books.google.com.tw/books?id=LATkCgAAQBAJ&printsec=frontcover&dq=Python&hl=&cd=5&source=gbs_api", "infoLink": "https://play.google.com/store/books/details?id=LATkCgAAQBAJ&source=gbs_api", "canonicalVolumeLink": "https://market.android.com/details?id=book-LATkCgAAQBAJ"}, "saleInfo": {"country": "TW", "listPrice": {"amount": 62.0, "currencyCode": "TWD"}, "retailPrice": {"amount": 62.0, "currencyCode": "TWD"}, "buyLink": "https://play.google.com/store/books/details?id=LATkCgAAQBAJ&rdid=book-LATkCgAAQBAJ&rdot=1&source=gbs_api", "offers": [{"finskyOfferType": 1, "listPrice": {"amountInMicros": 62000000.0, "currencyCode": "TWD"}, "retailPrice": {"amountInMicros": 62000000.0, "currencyCode": "TWD"}}]}, "accessInfo": {"country": "TW", "epub": {"isAvailable": true, "acsTokenLink": "http://books.google.com.tw/books/download/Python_%E7%9A%84%E4%B8%80%E5%A0%82%E8%AA%B2_V2_00-sample-epub.acsm?id=LATkCgAAQBAJ&format=epub&output=acs4_fulfillment_token&dl_type=sample&source=gbs_api"}, "pdf": {"isAvailable": false}, "accessViewStatus": "SAMPLE"}, "searchInfo": {"textSnippet": "\u9019\u672c\u66f8\u662f Python \u7a0b\u5f0f\u8a9e\u8a00\u7684\u5c0e\u89bd\uff0c\u5167\u5bb9\u5305\u62ec \u958b\u59cb\u4e4b\u524d \u6e96\u5099 Python \u7684\u958b\u767c\u74b0\u5883 \u7e2e\u6392 \u6700\u5c0f\u7684\u7a0b\u5f0f \u95dc\u9375\u5b57 \u8cc7\u6599\u578b\u614b \u5176\u4ed6\u5167\u5efa\u578b\u614b \u8b8a\u6578\u547d\u540d \u8a3b\u89e3\u8207\u6587\u4ef6\u5b57\u4e32 \u904b\u7b97\u5b50\u8207\u904b\u7b97\u5f0f \u9673\u8ff0 \u8ff4\u5708 ..."}}]}