[
{"title": "[BOX ] 2018-19熱身賽 Pacers 111:102 Cavaliers", "vote": "15", "author": "kenny1300175"},
{"title": "[花邊] 藝術家制作James等球星新秀賽季與現在的", "vote": "41", "author": "fack3170"},
{"title": "[BOX ] 2018-19熱身賽 Bulls 104:110 Hornets", "vote": "8", "author": "kenny1300175"},
{"title": "[花邊] LBJ兒子的同學去參觀LBJ的車子收集(影)", "vote": "53", "author": "pneumo"},
{"title": "[BOX ] 2018-19熱身賽 Nets 110:108 Pistons", "vote": "19", "author": "kenny1300175"},
{"title": "[Live] 太陽 vs 勇士", "vote": "41", "author": "evil56"},
{"title": "[BOX ] 2018-19熱身賽 Magic 89:90 Heat", "vote": "6", "author": "kenny1300175"},
{"title": "[BOX ] 2018-19熱身賽 Wizards 110:98 Knicks", "vote": "11", "author": "kenny1300175"},
{"title": "[新聞] 籃網榜眼羅素強勢回歸　轟25分勝活塞", "vote": "26", "author": "youhow0418"},
{"title": "[討論] 書豪沒跟D.Russell完整配過是不是很可惜?", "vote": "14", "author": "kenbo"},
{"title": "[花邊] 夢想成真！KD賽前與過生日的小球迷合影", "vote": "30", "author": "bigDwinsch"},
{"title": "[BOX ] 2018-19熱身賽 Maccabi 100:132 Kings", "vote": "13", "author": "kenny1300175"},
{"title": "[BOX ] 2018-19熱身賽 Suns 117:109 Warriors", "vote": "59", "author": "kenny1300175"},
{"title": "[外絮] Kerr在被逐出場時跟裁判揮手說掰掰", "vote": "20", "author": "pneumo"},
{"title": "[情報] Embiid:要打破大個子賣不出簽名鞋的陳舊", "vote": "11", "author": "whj0530"},
{"title": "[專欄] 活塞開季分析---我不當老九啦!東區!", "vote": "11", "author": "ClownT"},
{"title": "[新聞]新賽季挑戰3連霸 柯瑞:不怕談論這話題", "vote": "8", "author": "seacore07"},
{"title": "[新聞] 指導新秀Young 林書豪：他也能幫助我", "vote": "4", "author": "kenny1300175"},
{"title": "[花邊] Kerr笑談被罰出場：我想第一個去吃自助餐", "vote": "3", "author": "Yui5"},
{"title": "[專欄] 太陽制服組大地震 被Sarver老闆支配的恐懼再現？", "vote": "爆", "author": "josephhou"},
{"title": "[公告] 板規v6.2", "vote": "33", "author": "abc7360393"},
{"title": "[情報] 2018-19 自由球員市場異動 (表格-9/13)", "vote": "20", "author": "laigei"},
{"title": "[情報] 2018-19 自由球員市場異動 (每日文字)", "vote": "9", "author": "laigei"}
]