[
{"text": "“A woman is like a tea bag; you never know how strong it is until it's in hot water.”", "author": "Eleanor Roosevelt", "birthday": "October 11, 1884"},
{"text": "“The world as we have created it is a process of our thinking. It cannot be changed without changing our thinking.”", "author": "Albert Einstein", "birthday": "March 14, 1879"},
{"text": "“It is our choices, Harry, that show what we truly are, far more than our abilities.”", "author": "J.K. Rowling", "birthday": "July 31, 1965"},
{"text": "“It is better to be hated for what you are than to be loved for what you are not.”", "author": "André Gide", "birthday": "November 22, 1869"},
{"text": "“The person, be it gentleman or lady, who has not pleasure in a good novel, must be intolerably stupid.”", "author": "Jane Austen", "birthday": "December 16, 1775"},
{"text": "“A day without sunshine is like, you know, night.”", "author": "Steve Martin", "birthday": "August 14, 1945"},
{"text": "“I have not failed. I've just found 10,000 ways that won't work.”", "author": "Thomas A. Edison", "birthday": "February 11, 1847"},
{"text": "“Life is what happens to us while we are making other plans.”", "author": "Allen Saunders", "birthday": "April 24, 1899"},
{"text": "“Imperfection is beauty, madness is genius and it's better to be absolutely ridiculous than absolutely boring.”", "author": "Marilyn Monroe", "birthday": "June 01, 1926"},
{"text": "“Good friends, good books, and a sleepy conscience: this is the ideal life.”", "author": "Mark Twain", "birthday": "November 30, 1835"},
{"text": "“It is not a lack of love, but a lack of friendship that makes unhappy marriages.”", "author": "Friedrich Nietzsche", "birthday": "October 15, 1844"},
{"text": "“The opposite of love is not hate, it's indifference. The opposite of art is not ugliness, it's indifference. The opposite of faith is not heresy, it's indifference. And the opposite of life is not death, it's indifference.”", "author": "Elie Wiesel", "birthday": "September 30, 1928"},
{"text": "“I may not have gone where I intended to go, but I think I have ended up where I needed to be.”", "author": "Douglas Adams", "birthday": "March 11, 1952"},
{"text": "“I like nonsense, it wakes up the brain cells. Fantasy is a necessary ingredient in living.”", "author": "Dr. Seuss", "birthday": "March 02, 1904"},
{"text": "“You may not be her first, her last, or her only. She loved before she may love again. But if she loves you now, what else matters? She's not perfect—you aren't either, and the two of you may never be perfect together but if she can make you laugh, cause you to think twice, and admit to being human and making mistakes, hold onto her and give her the most you can. She may not be thinking about you every second of the day, but she will give you a part of her that she knows you can break—her heart. So don't hurt her, don't change her, don't analyze and don't expect more than she can give. Smile when she makes you happy, let her know when she makes you mad, and miss her when she's not there.”", "author": "Bob Marley", "birthday": "February 06, 1945"},
{"text": "“Beauty is in the eye of the beholder and it may be necessary from time to time to give a stupid or misinformed beholder a black eye.”", "author": "Jim Henson", "birthday": "September 24, 1936"},
{"text": "“Anyone who thinks sitting in church can make you a Christian must also think that sitting in a garage can make you a car.”", "author": "Garrison Keillor", "birthday": "August 07, 1942"},
{"text": "“If you judge people, you have no time to love them.”", "author": "Mother Teresa", "birthday": "August 26, 1910"},
{"text": "“For every minute you are angry you lose sixty seconds of happiness.”", "author": "Ralph Waldo Emerson", "birthday": "May 25, 1803"},
{"text": "“I love you without knowing how, or when, or from where. I love you simply, without problems or pride: I love you in this way because I do not know any other way of loving but this, in which there is no I or you, so intimate that your hand upon my chest is my hand, so intimate that when I fall asleep your eyes close.”", "author": "Pablo Neruda", "birthday": "July 12, 1904"},
{"text": "“We read to know we're not alone.”", "author": "William Nicholson", "birthday": "January 12, 1948"},
{"text": "“I have always imagined that Paradise will be a kind of library.”", "author": "Jorge Luis Borges", "birthday": "August 24, 1899"},
{"text": "“It is never too late to be what you might have been.”", "author": "George Eliot", "birthday": "November 22, 1819"},
{"text": "“All you need is love. But a little chocolate now and then doesn't hurt.”", "author": "Charles M. Schulz", "birthday": "November 26, 1922"},
{"text": "“Only in the darkness can you see the stars.”", "author": "Martin Luther King Jr.", "birthday": "January 15, 1929"},
{"text": "“A reader lives a thousand lives before he dies, said Jojen. The man who never reads lives only one.”", "author": "George R.R. Martin", "birthday": "September 20, 1948"},
{"text": "“Love does not begin and end the way we seem to think it does. Love is a battle, love is a war; love is a growing up.”", "author": "James Baldwin", "birthday": "August 02, 1924"},
{"text": "“You can never get a cup of tea large enough or a book long enough to suit me.”", "author": "C.S. Lewis", "birthday": "November 29, 1898"},
{"text": "“There is no friend as loyal as a book.”", "author": "Ernest Hemingway", "birthday": "July 21, 1899"},
{"text": "“When one door of happiness closes, another opens; but often we look so long at the closed door that we do not see the one which has been opened for us.”", "author": "Helen Keller", "birthday": "June 27, 1880"},
{"text": "“He's like a drug for you, Bella.”", "author": "Stephenie Meyer", "birthday": "December 24, 1973"},
{"text": "“The difference between genius and stupidity is: genius has its limits.”", "author": "Alexandre Dumas fils", "birthday": "July 27, 1824"},
{"text": "“If you only read the books that everyone else is reading, you can only think what everyone else is thinking.”", "author": "Haruki Murakami", "birthday": "January 12, 1949"},
{"text": "“Not all those who wander are lost.”", "author": "J.R.R. Tolkien", "birthday": "January 03, 1892"},
{"text": "“Life isn't about finding yourself. Life is about creating yourself.”", "author": "George Bernard Shaw", "birthday": "July 26, 1856"},
{"text": "“That's the problem with drinking, I thought, as I poured myself a drink. If something bad happens you drink in an attempt to forget; if something good happens you drink in order to celebrate; and if nothing happens you drink to make something happen.”", "author": "Charles Bukowski", "birthday": "August 16, 1920"},
{"text": "“You don’t forget the face of the person who was your last hope.”", "author": "Suzanne Collins", "birthday": "August 11, 1962"},
{"text": "“The question isn't who is going to let me; it's who is going to stop me.”", "author": "Ayn Rand", "birthday": "February 02, 1905"},
{"text": "“I am free of all prejudice. I hate everyone equally. ”", "author": "W.C. Fields", "birthday": "January 29, 1880"},
{"text": "“You may say I'm a dreamer, but I'm not the only one. I hope someday you'll join us. And the world will live as one.”", "author": "John Lennon", "birthday": "October 09, 1940"},
{"text": "“The reason I talk to myself is because I’m the only one whose answers I accept.”", "author": "George Carlin", "birthday": "May 12, 1937"},
{"text": "“The trouble with having an open mind, of course, is that people will insist on coming along and trying to put things in it.”", "author": "Terry Pratchett", "birthday": "April 28, 1948"},
{"text": "“If I had a flower for every time I thought of you...I could walk through my garden forever.”", "author": "Alfred Tennyson", "birthday": "August 06, 1809"},
{"text": "“What really knocks me out is a book that, when you're all done reading it, you wish the author that wrote it was a terrific friend of yours and you could call him up on the phone whenever you felt like it. That doesn't happen much, though.”", "author": "J.D. Salinger", "birthday": "January 01, 1919"},
{"text": "“I'm the one that's got to die when it's time for me to die, so let me live my life the way I want to.”", "author": "Jimi Hendrix", "birthday": "November 27, 1942"},
{"text": "“It takes courage to grow up and become who you really are.”", "author": "E.E. Cummings", "birthday": "October 14, 1894"},
{"text": "“But better to get hurt by the truth than comforted with a lie.”", "author": "Khaled Hosseini", "birthday": "March 04, 1965"},
{"text": "“To die will be an awfully big adventure.”", "author": "J.M. Barrie", "birthday": "May 09, 1860"},
{"text": "“You have to write the book that wants to be written. And if the book will be too difficult for grown-ups, then you write it for children.”", "author": "Madeleine L'Engle", "birthday": "November 29, 1918"},
{"text": "“You never really understand a person until you consider things from his point of view... Until you climb inside of his skin and walk around in it.”", "author": "Harper Lee", "birthday": "April 28, 1926"}
]